0x87bd1b4fe57985f126ea8b3c12eeabcc212080a7,Fintone,19
0x5e1b661630e39308ba699e0b70abec81a966120c,Ventosanzap,82
0x3ef468a5abe026745909967244048c151efbb26e,Bigtax,19
0x1a08ab56772b8caf5e351cc5be0c636659ef930a,Duobam,53
0x55b8347f1a009f05d74dbcbd21fec5171c5fa29f,Tres-Zap,23
0xf40f4219731d68bc626a53c1a40385e64031019d,Domainer,82
0x8dbdb35719065c60c788065fa3f20250d839dc88,Bitwolf,82
0x3901eeb11935560fba4e81d5ff14aafec1de80fd,Lotstring,58
0x4c6cbd42690c3d31f8ac12880a422a9bf1ae2f08,Domainer,11
0x82a04493e0fcc735723272de0f8c46731a09c485,Bitwolf,24
0x8e8d4cc0a4c5794104b56d96c19fcdaee25768c4,Tres-Zap,48
0x4d9e2573a730f1cc014fbefb1332215becb21d60,Bamity,37
0xaa1d613e32c8cf62522beae44f0cbac7b301c321,Konklab,95
0xe9926afa388bd71d2371d24ec5325075cb223391,Greenlam,4
0x5b0299a9cead003896e6eee8a7a6634ef67fc02f,Transcof,55
0xf6b3a4e49ecb5c46348a44c76ea056bbf09654a7,Wrapsafe,97
0x173ce225aac71dc80e201d481e6bea3b7dad505c,Span,57
0x372b3f32cee9ae3c1025144719c9eb0fbe87fdae,Toughjoyfax,80
0x196b0fc2c69d94429afe36e7992fb4f6e70ab487,Voyatouch,65
0x1731856c80448bba8a7252d030e77869c89f9fc3,Bytecard,84
0x1a5c79a962f622842f456f7e72d5407de5679a0f,Keylex,65
0xdc8f2a08b944f79ed248cc75b5d64cbf9513211e,Konklux,9
0x1bf1b0f57828fd3bfc67f13aff49f126a14a0094,Daltfresh,89
0xe4b5df77e7b957bd5b0674dc4b8bcaf682fc2600,Namfix,77
0x309e92ed38c76d049bf35d35131b6de952d2864b,Ronstring,90
0xa1577ba73296d0f6591ec73e74a1972d0444963b,Konklab,8
0x296949805f352ce830b5b577a04cdec3cbb49a1d,Asoka,46
0x1ebb0755044cbcf927c7ea2ad39428b099b9f7b4,Sonsing,94
0x835b9101c0c3b6c9374fd61d39d53947cbfd5089,Opela,23
0x62ca5daeb943409658deb0c43aecbfb70173f344,Namfix,81
0x59d12d9e1866f60cd2fe04a938d2592d0fa5ddf8,Toughjoyfax,24
0x85a97a323d356c467fac4f0035890dc9ee9d02ab,Otcom,51
0x95d57c7036c2cb3027044dbb98385b97ed4da41d,Prodder,95
0xbe438c1a7e03061a91f3b91348ee79d523105153,Alphazap,30
0x15609a6f0881f9cd46c6a045b4e3d216e2c1f5c1,Latlux,83
0x49ed8cb1f4fcc76d4af1940dd447dcb9d5d23bbd,Viva,45
0xa07da8830d98c1206ad2515296740488302684dc,Kanlam,99
0x8bfe84281879e154944360ea29dae4393c03e090,Transcof,76
0x8f474bcf27d997e6912f8ab9a2a98d72f060b786,Zathin,62
0x85a6017242f5c0c4298481fe15a4ee6b564b89d8,Flexidy,95
0x78e371cb504a8b75bf2d96faf2d39927c9758ba2,Tampflex,1
0xbcd81f92e86c78c4a51c51d0525061c762f2dfac,Rank,27
0xe34a182ad3f8eba2c2016eb985f4fccb33d0ccf6,Subin,13
0xa447bc598bbafdbae59d102b01c69623ba1f5784,Cookley,5
0x31dd637b0a18c7d5b911804230318ef85a81264a,Opela,52
0xd6132247cd24a122f6c8186ab9f68f65a286ce85,Kanlam,20
0x195677cddf35d8f0d038404bc659742bcd3d28c0,Sonair,96
0xd541dd7c451e844dc18a33a9b6872d00887ea472,Zamit,9
0x374b88f26da8e1c4f4e886cbea64c21739257335,Redhold,46
0x1d56ac4c9909fa3de03c4a9ae0ae18ab504ba4c3,Mat Lam Tam,16
0x2df23bdc046b88fe2d6a07d51463f61c236e287c,Treeflex,96
0x392aa1ac2b589fee9ffac1d99906f47a9faa0b91,Zontrax,86
0xd27ea1808d02693c8eac2f403cbe383bb6f28535,Tempsoft,92
0x4bda739b851b817efb075f39fcb6b056cd204830,Prodder,21
0x2efa7f5009b9caee55dea28ef9105b924d582678,Otcom,85
0x7821abda4d074876939f88abf9120112722de329,Alphazap,47
0x4e633c236d5d802f52f3441618e53dc3e0001e61,Ventosanzap,60
0x604cbdce7799ef107e266b7b138da5c17be688a5,Zontrax,34
0xc49b910dcae3afc5c747d891824eee4909e405e6,Y-find,78
0x43f132c7442512a559a3707ad8641c30fbf57fbb,Fix San,91
0xe588f98b75a9f0489ed449ae5832a44bfe789a48,Latlux,79
0x67f3bd624f0746e4f8f5cbd2cc9b72a33342d8b9,Fix San,1
0x1ac4ef4f75926eb17ec7ac3ef2da1d9aafe02664,Prodder,23
0x3a33ef91fc92361e0a807126dfd73a0bbad6fe18,Tampflex,29
0x75e48ef53db8e5daca02111e75b524c7121d41c2,Prodder,3
0xe2e456fa434b50bcf13cd963e3ef248cde8ecf05,Domainer,76
0xcb44f600de5f8187ac2ba22bea3ae1314ac50424,Zontrax,74
0x14388141fc122bb6f2aceaf6f8cd178b5f08229d,Lotstring,76
0xd7df06c0de6081a135c9eefc9d4a24e7a8adeb01,Tresom,73
0x0231c8d6a9e940a5863b08c621b4f7fd593df29c,Asoka,93
0x98244480a848433ae3d1e756a0b9aa5f0886cfb4,Konklab,1
0x33e6370ebd448ef8239100879843d1d34ba2d5c0,Quo Lux,39
0xc9ab44d10e14f56ec03f3ae74e786f1f42246513,Asoka,86
0x321b644a79262e21ac58af287d30dd33af4f08b6,Daltfresh,39
0x945f844d833e398cfeab87ade8021c090a094c18,Latlux,8
0x806f02c1026c1b91f658062c40080e82268cacda,Rank,56
0xa1a0142527353934764a4db03d3950c2bcd2cdbf,Tres-Zap,95
0x91c5f0dbbdc855fd7b88d9eadb929e0e43dc0046,Ventosanzap,56
0xa1a8d8f7a8cf5ae103d7daf1155a2668de9bf8bb,Domainer,20
0x7b36ef8e44e0ce15a41136643641591602229ca0,Ventosanzap,38
0xa9f926c8856845a0974d9682b17f1abe4eff24d4,Quo Lux,28
0xbc3cc9cff038ae7f9db91f70e022a7e081d10c64,Zathin,7
0x2404a524f27b54292821c93edd88743060946ad4,Mat Lam Tam,97
0x796ea484a1643373c0a698e983a4e5d3db12fc43,Andalax,77
0xf06ab0e3378aacd13a63bf6e6e9da9b7793b41a4,Latlux,30
0x39376b4067aed5d1bf09bc021725e516fd08d77e,Tin,6
0xe316065f0d6c77faa7d0cb64f8b9133039e00820,Andalax,20
0xc52f6946850e22e804a14fa433a496f102362f80,Tempsoft,11
0x73ebaa4ffac0af3897f8291afa3b6bcb30c4485c,Matsoft,66
0x6f5f32f7280a70ff990059603484a3fc3a2254c5,Zathin,3
0x6b6c61bd29407b73221e85783d67445baff45951,Tres-Zap,99
0x5163b3b49f00aa9f6752975c3fee7c8904cbdbc2,Treeflex,64
0xc577ec02bc5e4ea41ee000a90b1db8f27badbfb9,Hatity,83
0xc2284ad312318308c76064ea9fdafb62a4958d0f,Wrapsafe,23
0x11b9a5a8bde51d8acb3a643c9b96c59d6f88f475,Zaam-Dox,93
0x887578730fdac61032322cec5d26d90d41382345,Gembucket,28
0x5c72f2d9b726375cb342203815c542dad5235173,Asoka,6
0x5fe5f49508e0f4c5b1bcfe8ab6ba83807fb1c735,Transcof,3
0xf5ec3e0a39344c5e489d2e5bb96f8e29120d0dfd,Tres-Zap,99
0x9962e3bb359c3dc5ea76625d20a54d4232109ec3,Lotstring,1